{
  "display": {
    "background": "minecraft:textures/block/tuff.png",
    "icon": {
      "id": "minecraft:gold_ingot"
    },
    "title": "Convenient achievements",
    "description": "Unlock a new achievement tab with a gold ingot",
    "frame": "task",
    "show_toast": true,
    "announce_to_chat": true,
    "hidden": false
  },
  "criteria": {
    "convenientachievements": {
      "trigger": "minecraft:inventory_changed",
      "conditions": {
        "items": [
          {
            "items": [
              "minecraft:gold_ingot"
            ],
            "count": {
              "min": 1,
              "max": 65
            }
          }
        ]
      }
    }
  },
  "rewards": {
    "experience": 1
  }
}