{
  "display": {
    "icon": {
      "id": "minecraft:amethyst_cluster"
    },
    "title": "Crystal Miracle",
    "description": "Get Amethyst Cluster with a silk touch",
    "frame": "task",
    "show_toast": true,
    "announce_to_chat": true,
    "hidden": false
  },
  "criteria": {
    "crystal_miracle": {
      "trigger": "minecraft:inventory_changed",
      "conditions": {
        "items": [
          {
            "items": [
              "minecraft:amethyst_cluster"
            ],
            "count": {
              "min": 1,
              "max": 65
            }
          }
        ]
      }
    }
  },
  "parent": "convenient_achievements:convenientachievements"
}