{
  "display": {
    "icon": {
      "id": "minecraft:turtle_egg"
    },
    "title": "Eggonaier",
    "description": "Collect all possible types of eggs",
    "show_toast": true,
    "announce_to_chat": true,
    "hidden": false
  },
  "parent": "convenient_achievements:convenientachievements",
  "criteria": {
    "Egg": {
      "trigger": "minecraft:inventory_changed",
      "conditions": {
        "items": [
          {
            "items": [
              "minecraft:egg"
            ]
          }
        ]
      }
    },
    "Turtle egg": {
      "trigger": "minecraft:inventory_changed",
      "conditions": {
        "items": [
          {
            "items": [
              "minecraft:turtle_egg"
            ]
          }
        ]
      }
    },
    "Dragon egg": {
      "trigger": "minecraft:inventory_changed",
      "conditions": {
        "items": [
          {
            "items": [
              "minecraft:dragon_egg"
            ]
          }
        ]
      }
    },
    "Sniffer egg": {
      "trigger": "minecraft:inventory_changed",
      "conditions": {
        "items": [
          {
            "items": [
              "minecraft:sniffer_egg"
            ]
          }
        ]
      }
    }
  },
  "rewards": {
    "experience": 2
  }
}
