{
  "display": {
    "icon": {
      "id": "minecraft:chorus_fruit"
    },
    "title": "Food Teleporter",
    "description": "Eat the fruit of horus",
    "frame": "task",
    "show_toast": true,
    "announce_to_chat": true,
    "hidden": false
  },
  "criteria": {
    "food_teleporter": {
      "trigger": "minecraft:consume_item",
      "conditions": {
        "item": {
          "items": [
            "minecraft:chorus_fruit"
          ]
        }
      }
    }
  },
  "rewards": {
    "experience": 1
  },
  "parent": "convenient_achievements:convenientachievements"
}