{
  "display": {
    "icon": {
      "id": "minecraft:enchanted_book"
    },
    "title": "Further nowhere",
    "description": "Enchant the pickaxe for \"Efficiency VI\"",
    "frame": "goal",
    "show_toast": true,
    "announce_to_chat": true,
    "hidden": true
  },
  "parent": "convenient_achievements:convenientachievements",
  "criteria": {
    "Enchantment": {
      "trigger": "minecraft:enchanted_item",
      "conditions": {
        "item": {
          "items": [
            "minecraft:diamond_pickaxe",
            "minecraft:wooden_pickaxe",
            "minecraft:golden_pickaxe",
            "minecraft:stone_pickaxe",
            "minecraft:netherite_pickaxe",
            "minecraft:iron_pickaxe"
          ],
          "enchantments": [
            {
              "enchantment": "minecraft:efficiency",
              "levels": 6
            }
          ]
        }
      }
    }
  },
  "rewards": {
    "experience": 5
  }
}
