{
  "display": {
    "icon": {
      "id": "minecraft:light"
    },
    "title": "Let there be light!",
    "description": "Get this block of light by crafting",
    "frame": "task",
    "show_toast": true,
    "announce_to_chat": true,
    "hidden": false
  },
  "criteria": {
    "lettherebelight": {
      "trigger": "minecraft:inventory_changed",
      "conditions": {
        "items": [
          {
            "items": [
              "minecraft:light"
            ],
            "count": {
              "min": 1,
              "max": 65
            }
          }
        ]
      }
    }
  },
  "rewards": {
    "experience": 0,
    "recipes": [
      "minecraft:craftlightblock"
    ]
  },
  "parent": "convenient_achievements:convenientachievements"
}