{
  "display": {
    "icon": {
      "id": "minecraft:soul_torch"
    },
    "title": "Light Soul",
    "description": "Get the torch of souls and solve the mystery of this torch",
    "frame": "task",
    "show_toast": true,
    "announce_to_chat": true,
    "hidden": false
  },
  "criteria": {
    "light_soul": {
      "trigger": "minecraft:inventory_changed",
      "conditions": {
        "items": [
          {
            "items": [
              "minecraft:soul_torch"
            ],
            "count": {
              "min": 1,
              "max": 64
            }
          }
        ]
      }
    }
  },
  "parent": "convenient_achievements:lettherebelight"
}