{
  "display": {
    "icon": {
      "id": "minecraft:heart_of_the_sea"
    },
    "title": "Marine Artifact",
    "description": "Get the heart of the sea",
    "frame": "task",
    "show_toast": true,
    "announce_to_chat": true,
    "hidden": false
  },
  "criteria": {
    "marine_artifact": {
      "trigger": "minecraft:inventory_changed",
      "conditions": {
        "items": [
          {
            "items": [
              "minecraft:heart_of_the_sea"
            ],
            "count": {
              "min": 1,
              "max": 65
            }
          }
        ]
      }
    }
  },
  "rewards": {
    "experience": 1
  },
  "parent": "convenient_achievements:sealeaf"
}