{
  "display": {
    "icon": {
      "id": "minecraft:goat_horn"
    },
    "title": "Mountain sound",
    "description": "Blow the goat horn",
    "show_toast": true,
    "announce_to_chat": true,
    "hidden": false
  },
  "parent": "convenient_achievements:samuel_aberg_5",
  "criteria": {
    "Goat Horn": {
      "trigger": "minecraft:using_item",
      "conditions": {
        "item": {
          "items": [
            "minecraft:goat_horn"
          ]
        }
      }
    }
  },
  "rewards": {
    "experience": 2
  }
}
