{
  "display": {
    "icon": {
      "id": "minecraft:netherite_block"
    },
    "title": "Netherite Magnate",
    "description": "Get a netherite block",
    "frame": "challenge",
    "show_toast": true,
    "announce_to_chat": true,
    "hidden": false
  },
  "criteria": {
    "netheritemagnate": {
      "trigger": "minecraft:inventory_changed",
      "conditions": {
        "items": [
          {
            "items": [
              "minecraft:netherite_block"
            ],
            "count": {
              "min": 1,
              "max": 65
            }
          }
        ]
      }
    }
  },
  "rewards": {
    "experience": 5
  },
  "parent": "convenient_achievements:chermen"
}