{
  "display": {
    "icon": {
      "id": "minecraft:netherite_upgrade_smithing_template"
    },
    "title": "Netherite pumping",
    "description": "Find a template for pumping diamond armor into netherite",
    "frame": "task",
    "show_toast": true,
    "announce_to_chat": true,
    "hidden": false
  },
  "criteria": {
    "netherite_pumping": {
      "trigger": "minecraft:inventory_changed",
      "conditions": {
        "items": [
          {
            "items": [
              "minecraft:netherite_upgrade_smithing_template"
            ],
            "count": {
              "min": 1,
              "max": 65
            }
          }
        ]
      }
    }
  },
  "rewards": {
    "experience": 1
  },
  "parent": "convenient_achievements:netheritemagnate"
}