{
  "display": {
    "icon": {
      "id": "minecraft:oxidized_copper"
    },
    "title": "Oxidation",
    "description": "Make the maximum oxidation stage of the copper block and take it away",
    "frame": "task",
    "show_toast": true,
    "announce_to_chat": true,
    "hidden": false
  },
  "criteria": {
    "oxidation": {
      "trigger": "minecraft:inventory_changed",
      "conditions": {
        "items": [
          {
            "items": [
              "minecraft:oxidized_copper"
            ],
            "count": {
              "min": 1,
              "max": 65
            }
          }
        ]
      }
    }
  },
  "rewards": {
    "experience": 1
  },
  "parent": "convenient_achievements:convenientachievements"
}