{
  "display": {
    "icon": {
      "id": "minecraft:shulker_box"
    },
    "title": "Portable Storage",
    "description": "Get a Shulker box",
    "frame": "goal",
    "show_toast": true,
    "announce_to_chat": true,
    "hidden": false
  },
  "criteria": {
    "portable_storage": {
      "trigger": "minecraft:inventory_changed",
      "conditions": {
        "items": [
          {
            "items": [
              "minecraft:shulker_box"
            ],
            "count": {
              "min": 1,
              "max": 2
            }
          }
        ]
      }
    }
  },
  "rewards": {
    "experience": 1
  },
  "parent": "convenient_achievements:pocket"
}