{
  "display": {
    "icon": {
      "id": "minecraft:player_head"
    },
    "title": "Remains Execution",
    "description": "Get the player's head",
    "frame": "task",
    "show_toast": true,
    "announce_to_chat": true,
    "hidden": false
  },
  "criteria": {
    "remainsexecution": {
      "trigger": "minecraft:inventory_changed",
      "conditions": {
        "items": [
          {
            "items": [
              "minecraft:player_head"
            ],
            "count": {
              "min": 1,
              "max": 65
            }
          }
        ]
      }
    }
  },
  "rewards": {
    "experience": 2
  },
  "parent": "convenient_achievements:working_table"
}