{
  "display": {
    "icon": {
      "id": "minecraft:sculk_sensor"
    },
    "title": "Remote Signal",
    "description": "Get a sculk sensor and create remote redstone mechanisms",
    "frame": "task",
    "show_toast": true,
    "announce_to_chat": true,
    "hidden": false
  },
  "criteria": {
    "remote_signal": {
      "trigger": "minecraft:inventory_changed",
      "conditions": {
        "items": [
          {
            "items": [
              "minecraft:sculk_sensor"
            ],
            "count": {
              "min": 1,
              "max": 64
            }
          }
        ]
      }
    }
  },
  "parent": "convenient_achievements:samuel_aberg_5"
}