{
  "display": {
    "icon": {
      "id": "minecraft:saddle"
    },
    "title": "Rider",
    "description": "Get a saddle for riding horses, donkeys, camels, pigs and more",
    "frame": "task",
    "show_toast": true,
    "announce_to_chat": true,
    "hidden": false
  },
  "criteria": {
    "rider": {
      "trigger": "minecraft:inventory_changed",
      "conditions": {
        "items": [
          {
            "items": [
              "minecraft:saddle"
            ],
            "count": {
              "min": 1,
              "max": 2
            }
          }
        ]
      }
    }
  },
  "parent": "convenient_achievements:renaming"
}