{
  "display": {
    "icon": {
      "id": "minecraft:music_disc_5"
    },
    "title": "Music of Fear",
    "description": "Connect the fragments of plate 5 and get a full plate",
    "frame": "goal",
    "show_toast": true,
    "announce_to_chat": true,
    "hidden": false
  },
  "criteria": {
    "samuel_aberg_5": {
      "trigger": "minecraft:inventory_changed",
      "conditions": {
        "items": [
          {
            "items": [
              "minecraft:music_disc_5"
            ],
            "count": {
              "min": 1,
              "max": 2
            }
          }
        ]
      }
    }
  },
  "rewards": {
    "experience": 2
  },
  "parent": "convenient_achievements:convenientachievements"
}