{
  "display": {
    "icon": {
      "id": "minecraft:ender_chest"
    },
    "title": "Secret Storage",
    "description": "Get an ender chest",
    "frame": "task",
    "show_toast": true,
    "announce_to_chat": true,
    "hidden": false
  },
  "criteria": {
    "secret_storage": {
      "trigger": "minecraft:inventory_changed",
      "conditions": {
        "items": [
          {
            "items": [
              "minecraft:ender_chest"
            ],
            "count": {
              "min": 1,
              "max": 65
            }
          }
        ]
      }
    }
  },
  "rewards": {
    "experience": 1
  },
  "parent": "convenient_achievements:pocket"
}