{
  "display": {
    "icon": {
      "id": "minecraft:poisonous_potato"
    },
    "title": "Strange Taste...",
    "description": "Eat rotten potatoes. It doesn't seem to be very tasty",
    "frame": "task",
    "show_toast": true,
    "announce_to_chat": true,
    "hidden": false
  },
  "criteria": {
    "strange_taste": {
      "trigger": "minecraft:consume_item",
      "conditions": {
        "item": {
          "items": [
            "minecraft:poisonous_potato"
          ]
        }
      }
    }
  },
  "parent": "convenient_achievements:food_teleporter"
}