{
  "display": {
    "icon": {
      "id": "minecraft:firework_rocket"
    },
    "title": "The flight is normal",
    "description": "Craft fireworks and start an adventure around the world with the help of elitr",
    "frame": "task",
    "show_toast": true,
    "announce_to_chat": true,
    "hidden": false
  },
  "criteria": {
    "theflightisnormal": {
      "trigger": "minecraft:inventory_changed",
      "conditions": {
        "items": [
          {
            "items": [
              "minecraft:firework_rocket"
            ],
            "count": {
              "min": 1,
              "max": 65
            }
          }
        ]
      }
    }
  },
  "rewards": {
    "experience": 1
  },
  "parent": "convenient_achievements:convenientachievements"
}